sentence_id	label
44f33601-157a-42ce-aa9f-0f7d305501f2	SUBJ
6f9e0f53-f76c-432f-bbea-b78400d600b8	SUBJ
61f93bdc-4c3e-4963-926c-0bbf139b44b9	SUBJ
902148ec-dda3-4736-b318-0f20c63a1cf3	SUBJ
065b1996-4b40-4c74-9f62-afb44f69834e	SUBJ
95bb8dfd-ad90-4f33-af7e-da9be6628ad5	SUBJ
d5429c1d-802b-4427-8ffa-88ac62091a62	SUBJ
473b92fb-6776-495a-8ccf-23817daf73af	OBJ
66d484fe-f886-4b58-a0a9-451119f18d90	SUBJ
9405a6d8-ce4a-4dc7-a8c9-9b53d3a98dda	SUBJ
a595b110-c118-466d-8a95-ba4fd6e3cf9e	SUBJ
2beef7fb-23b6-4d7c-9190-6a6b3ba02939	OBJ
0f9ada30-7a28-4528-b710-f3346d1660f8	SUBJ
98ec430c-86e6-46d5-8c8f-1ee1a4847a02	SUBJ
8236d84f-d193-4d17-9037-729e8c5ed353	SUBJ
22be75a7-3b02-4bb6-af5b-2081f0f85307	SUBJ
5fc1ee22-80dd-4b80-8cfa-b183a5de8e24	SUBJ
08ce47ff-982f-48be-b28b-e9f181de760c	SUBJ
b9be3f63-2ce9-4067-8df0-1f448930d411	SUBJ
2962c941-0f60-4f02-9fbb-524174b7d40f	SUBJ
910ae100-8d07-4b54-89e4-714909b40e76	OBJ
8cbb0f1f-5c2c-4de5-867a-459918e5f269	OBJ
842b116d-3350-496f-b275-9d2b8b234cbd	OBJ
ecebaaf2-efaa-43d4-8b6b-84547659e95f	OBJ
ab4a9eea-ab03-403b-9526-187c3e614f36	SUBJ
b2f6bd9b-ce9e-482d-b4c2-0138919ed1f9	SUBJ
b76854b1-8c08-445c-9e0e-ae44dab805a8	SUBJ
698bc61f-529d-45b1-b501-f847d533733b	OBJ
16f62487-bd59-433f-9bbf-ed36f8a3cc33	SUBJ
d64bdfad-90ed-46ba-b808-8fc804078a10	SUBJ
d56eddcf-1601-4919-bf6b-0a9e1d1cf2f5	SUBJ
7b155107-2626-47e6-8240-4fd23aae1dee	SUBJ
dd78f072-82b2-4c5d-ab56-4e518a4bff64	SUBJ
7da5b237-22c8-426c-bebd-222c9311ccb2	SUBJ
aae00900-b76a-4896-8e28-b7579b197d33	OBJ
3c7337bb-ce19-456b-a57c-632c53fbed94	OBJ
0c782ae5-857c-44cd-b952-d6bb22032bca	SUBJ
2b026b6b-92ab-41ec-9ebc-3dd815db3fab	OBJ
c3020309-0830-410f-80a5-571157ae13a5	SUBJ
f21828f5-3bec-4ca9-b918-f23afadc76aa	SUBJ
d9e2ff4b-1d49-48cc-8e36-2fb423846220	SUBJ
7eb2a192-7e20-41c6-b0a9-e952337262d6	SUBJ
a3e1a969-9c6f-4d7a-b153-e55bd60fed20	OBJ
4775361c-4c36-4ba7-abbe-2867a92d78e2	SUBJ
358af3f1-0d06-45db-95fa-804a299a0fa1	SUBJ
724f242d-9c17-4322-9494-c95f780a846d	SUBJ
9e230aa5-6726-4e79-bacb-dcaa393d0104	SUBJ
caf947b1-4603-49ce-a218-ff45596bf2af	OBJ
f77261bb-91b1-4f85-809c-8a588bcf1ab7	SUBJ
2510c90d-872b-44f3-9329-7e614f6ba821	SUBJ
fd834368-aa38-4dd6-aecd-ad2d6ac00ad0	SUBJ
5fbcfd65-4130-4052-a15e-18d8dfea1a34	SUBJ
79832fa6-a14c-44fe-88dd-f5b4d4274a6e	SUBJ
d4e36e86-ec1c-435b-8781-2c3947400c9c	SUBJ
aefb40bc-72e8-419b-897a-bb176e8d031d	OBJ
4e021920-81a3-44e0-97e7-e5fc7d0acb46	SUBJ
d7d77bb1-52da-4338-9831-bf9563e99824	SUBJ
ab515294-da71-4dd5-b561-888819da99ad	SUBJ
b256f52b-e2ce-49f5-b3be-8b2e48e99000	SUBJ
a582e444-ee85-4bcd-bbe3-f4c8283ea08e	SUBJ
e6b6f43d-b414-49cf-b644-253093a8c63d	SUBJ
c8840daf-2871-4d51-9c40-53d22cd8a8f8	SUBJ
24062da2-0639-41f5-a748-2e0ec2735671	SUBJ
1755cd5a-1126-4fa2-8019-b786ff97ae0d	OBJ
3243d4bb-838f-4fcf-bb5d-f52da208f7c2	SUBJ
f9efdb63-a376-4520-9997-9202d5b6a24a	OBJ
b7809a3b-a256-4fc8-a1ba-e77b979db214	SUBJ
7e6a1b93-7637-42c4-a647-fb173f65a9cb	SUBJ
03802121-73ba-427a-8a60-1a5d3bc64dfe	SUBJ
3934802e-66b0-4501-9ff2-2a4ce3b19371	SUBJ
4001d450-8685-448f-87a5-1b37620b6a19	SUBJ
b0397848-7de7-4a01-ba8f-160fa06bc1d6	SUBJ
e17873cc-b5b9-463f-9234-7dba5c426489	SUBJ
ad594f3b-dd25-48b6-b6f7-73b2803ecc8d	SUBJ
dd9a987b-5cc9-454e-a468-9fcad51209d8	SUBJ
69d8ea4a-ec89-46d8-bfd6-36b5d5990dc2	SUBJ
862af39e-999d-45ae-a196-0d664b918afd	SUBJ
4228be63-59b1-4e9e-af15-30d5a3e05297	SUBJ
bfe3f08a-66a7-40bb-ae0a-99d7e8a53749	SUBJ
6a301965-71ad-4bd7-ad21-d841f1bc627a	SUBJ
41ece2d7-2c31-4f31-975b-9684c49518a5	SUBJ
5a0f74a8-51ac-4d92-b1e6-29416f9fa7c2	SUBJ
db5243b5-245a-4ea9-8643-22beb3fe1ffa	SUBJ
5bcfc3f5-bf5b-43e0-948c-a1338958c2ba	SUBJ
14a4a49b-7a4d-42d5-b83f-3cfa9d9a82ce	SUBJ
2e22606b-3230-4b52-affc-7e3b90961a40	OBJ
851fbdb3-69b7-4381-a194-f40324d295da	SUBJ
8150e048-7c98-47d5-b3fb-815d10fea4dd	SUBJ
68427b36-1420-4048-802b-12904e1fae8b	SUBJ
eb7f6801-d741-41ba-81b7-1fff3f8bcd70	SUBJ
6fcd87b6-cc09-4128-a3c5-de0cb10c95b5	SUBJ
39181741-6a27-4486-a9be-08f1d2563018	SUBJ
1ebba56f-2bc7-447b-a46a-052d7e3d03bc	OBJ
ee7affea-066a-4629-8b95-f9c2b1ebc8fd	SUBJ
0a266b79-7473-43f0-8179-b29d2b762fc0	SUBJ
7496f326-40f4-4e05-99e5-1cd2f8476285	SUBJ
87b573bd-fdf7-42f7-8ca9-3c2a2e19d227	SUBJ
ee8513a8-c3ef-4d3e-8e1b-d8bb4148dc43	OBJ
06898f06-51a4-48e8-a5eb-f3fb296fd1ae	SUBJ
0ea9f80a-9f4f-4ff5-a7c9-0e2ad54e66f2	SUBJ
ef352be8-43ca-4627-bc90-9477a3e0e322	SUBJ
5d375b6b-4b5c-47ca-989a-20af39fe9e51	SUBJ
d2adc058-2f3e-4ac8-964d-ebf68949933b	SUBJ
928e8196-f402-4c3f-8620-f7a8e3be72c7	OBJ
dd264c47-008f-4971-9c4a-46095b95d978	SUBJ
49c5e552-5386-4c8f-94ba-cd5de9ae0446	SUBJ
dba2d1cc-c0ac-4da2-a82a-b5082a69ffd1	OBJ
595c04e0-45e0-451e-8866-c559c4e6f159	OBJ
cc4f95cb-7866-4e53-b376-34a0f3cf6bcc	SUBJ
e8fd54a7-9ec3-4511-9d00-8b9c09ecad8c	OBJ
ab5ff883-d65a-4879-bae4-14805f2021f3	SUBJ
ff902b7b-1728-4bad-80fc-db9b95731a62	SUBJ
cdcc5fe8-5f38-46fc-913e-c6ca2070b00b	SUBJ
ea3b9445-87c3-41ec-869c-d892c2b4ec18	SUBJ
8a5f5f6f-b25f-433d-8fcd-1568ae9c1b2c	SUBJ
b5b8ef8b-113d-4f13-b0e8-8e37df14f0c2	SUBJ
e955fdb1-fab0-4bc7-9296-7ccf6cf6bf09	SUBJ
7a2b8332-05b1-42b5-a11f-8b86dcad03b0	SUBJ
300286db-9ac1-4089-b3fc-86699ae21388	SUBJ
149188c9-ac1c-47ef-998d-a67714b0243d	SUBJ
114b043b-b72e-41ae-879d-e64693894930	SUBJ
4f78d394-787e-405c-bcfa-c28b8998f59c	OBJ
3a6b171a-e61b-4b9b-93c0-d10c7a9eca01	SUBJ
d9aa2c9e-a51f-4b17-a93b-e7e588d850fa	OBJ
e51d22d4-5efb-41e4-84ce-56e90b372d3f	SUBJ
44049b8d-bf46-4a34-b9cb-5ad7a41add1d	SUBJ
c763b710-21a3-4c54-882a-fa22b09f1cad	OBJ
e707436a-6dd3-41c4-be1a-16cdf2efd2b9	SUBJ
8db8a74b-bf27-4e03-947b-64c7ad80e233	SUBJ
b6ccb4d7-d6a4-4afa-9a55-3098331f5d73	SUBJ
1ee9d16d-c216-418c-8241-0333b4bb513c	OBJ
1b186ac4-0146-444f-9f13-d2ccf8954d9c	SUBJ
c0e41fcf-9aeb-4fc4-9da6-723ce6e313b9	SUBJ
392ef3bb-872c-43bd-8274-e3a19271a5e8	SUBJ
fce49a5f-0f23-4935-a6fb-22b4008dfb8a	SUBJ
066e3d56-935f-4938-a969-d34de03cb7f6	SUBJ
7ce61351-f9cc-4ba4-8d35-65766a3c681c	SUBJ
ec26c563-0f16-48d6-a25b-0578d77322c2	SUBJ
91de2347-4b74-4ead-90cb-8951feaa97d1	OBJ
9464e255-b808-4f0c-b1c3-ebdcdb1a84d6	SUBJ
126735fb-4253-49c0-8390-998586592cb4	SUBJ
79c1d76c-67cf-4969-8292-6ebfcd4f0ef6	OBJ
46f6734c-3aca-46d0-8fc0-39b4f9d4cc45	OBJ
b46890b4-2d8f-471c-b682-b4a174a2d7ed	SUBJ
58e00c2d-f228-420a-b4d6-eb657ed3a34b	SUBJ
31a3c2df-e05a-4198-8ad4-dab0576e50d8	SUBJ
9fe3e2cc-37ba-4329-8d9b-302c10269e46	SUBJ
adfe4625-b5ff-467d-9117-41ead70db405	SUBJ
59a0ab29-91e3-4dc6-a77c-4e2cb03d493b	SUBJ
d5b5bb04-0a6e-4a2d-a25e-b59d3e79b00a	SUBJ
5fc36146-b16d-4ebf-a4cc-2752142f2258	OBJ
16a9998f-b81e-4d35-a4da-84d9e9c7edf7	OBJ
d7424c75-7ee0-4164-8add-9500bf9d96ab	SUBJ
d509c4af-6bb8-46ab-9d39-c3a684d5e015	SUBJ
24cd1e99-58ba-4a40-9ea3-637cfb4bed41	SUBJ
0144edc4-6df2-4494-9a7b-6d27e4214326	SUBJ
8ad792eb-e877-436c-8de8-8c723344b54b	SUBJ
78541131-980f-4737-876c-f0358028e543	OBJ
1eda44f3-f2bf-4acb-96bb-af91166e3d87	OBJ
5e00e170-6ccb-4d7a-92bd-199a6bb77c85	OBJ
5d8ee38a-9996-4340-9140-d15b13ee41e4	SUBJ
9d9cd0bc-ca32-4024-9e55-995d30e15cb5	SUBJ
3eb1c103-222f-4c83-a62f-e58b511d1059	SUBJ
d3b08f7b-1fee-43e3-a3fc-a3aa2e6d3f21	OBJ
82c7ad6a-ac3c-4f2d-ab39-e15fab859102	SUBJ
a4afcde9-fe39-43a0-8159-7f2315805ae5	SUBJ
9cc0467f-4562-452c-9cf4-67c95d436d79	SUBJ
090440d9-6e73-48e1-b7ac-fb623d02cebb	SUBJ
68e32663-5d38-49fd-969e-165c54381653	OBJ
6802ebbe-b502-436c-a6c7-8c2346734d69	OBJ
932c3f65-2e21-4160-a124-e5e37ed94fb8	SUBJ
3b4ee7ff-bbba-4320-bca0-6f0e27fb7fc7	SUBJ
c235a2b5-32a5-4831-8fa1-9397ad4c8231	SUBJ
149506be-9a43-47ac-bf17-7f00d4223e70	SUBJ
3cd6d2b7-bdd5-401d-8e0d-1b52440b3963	SUBJ
2927f4b8-2d83-466c-bd4d-d3a82e62d406	SUBJ
163c0441-21fb-4168-a7bd-f340b8755fe1	SUBJ
6656e727-7a41-46fe-8fce-a6a0440a69cc	SUBJ
40d6edb5-bbc7-48a1-ac70-3096ca787ab6	SUBJ
8c9f01df-e1b6-4aad-96ec-50b2e40e417d	SUBJ
1880cfdb-da02-472e-954b-12e698e66a1f	SUBJ
fde04bf6-d58a-4324-a8b5-2eb319c91fa4	SUBJ
b951afe5-f46e-4ab9-aa99-9bd291786e36	OBJ
b697a5d9-8bc0-4ccf-8af9-45e6fc343975	OBJ
eced65b3-b332-46ee-b43a-99400178ed42	SUBJ
97badeda-9fec-4d74-bf3f-8cd277da7245	SUBJ
6f91bca9-585c-4141-a846-9cac0a929e56	SUBJ
9ffeef75-43ff-41ea-a089-592ea389fd36	SUBJ
0d585579-cfbe-4836-a2c9-21695fa89e0a	OBJ
233d2de9-839f-48b5-9799-49944be03d88	SUBJ
430d046d-43dc-41b9-9f9c-d7bf39071e75	OBJ
e69577ac-6e7e-4147-92da-3eca52da207b	SUBJ
42c22ba7-497e-4f82-8742-469c26c21509	SUBJ
a282708d-c9a0-48c9-8055-fcff16b08c2c	SUBJ
50a4dd5b-9c85-4319-8562-e7caae386ddf	SUBJ
2a2f37de-326d-458b-8e52-8fc2a5b26334	SUBJ
5bba1191-cc39-498d-884d-9dc7467f75e6	OBJ
4b72b8b7-e454-4d43-83ba-4113a150240e	SUBJ
ee2bcf90-cb5d-4cd8-a26d-bc539e02950e	OBJ
83bdc34b-d82e-4994-8fbe-4180fc9fdb08	SUBJ
07601be6-2ac2-46d3-ae77-c67d81bdd0ad	SUBJ
37cf591a-a7ed-4689-8ad3-6d869d387c90	OBJ
f5549cda-84e3-44d3-b75a-d6d63faf1da4	OBJ
3c8e5905-f405-46c2-8278-325bf77d4aae	SUBJ
cdf5e361-516f-4ca6-93f8-baa4856abaaa	SUBJ
a381eedc-b6de-41ff-ac96-f5ffa781aa1d	SUBJ
c77472aa-cb9d-43ef-82ec-830e1fcbcb3c	SUBJ
80495cc9-45e5-4373-b367-3999fdbe537a	SUBJ
3d59a071-a1e3-45c1-8ea5-73b08e9e5fd0	SUBJ
7d0ecfed-279a-4f62-ba1d-28e7995d605c	SUBJ
42b51090-e14d-438c-90ae-08e0f8d26793	SUBJ
fffdf77e-d600-4633-81ab-35114a151a60	OBJ
7f23b70c-515a-4d3d-954b-e8c31b16d485	OBJ
dd148fb7-42d8-45b4-abfa-84574ed9bc8c	OBJ
9a86d0f0-8e2f-41cb-85c4-d393b602a40d	SUBJ
d324373e-7c94-414a-ac9c-b108b32ba0c1	OBJ
61f457f8-3b70-4d89-80c5-584ecc7e688d	SUBJ
9fd05d87-d77d-4ffc-bc6c-c8ff466976b2	SUBJ
8cd70a16-de7f-49de-97f2-591302847f22	SUBJ
de89d873-c1f6-4895-93aa-a64068622462	SUBJ
e7c68ec4-0c0e-4517-a31b-8608183255e7	SUBJ
18a09a14-0a46-4dab-a866-f17f08770285	SUBJ
171e6682-56b9-4b48-bddb-3d2e03de7f47	SUBJ
a33cd061-af40-4518-89fe-b06886a603c1	OBJ
03fbf720-423d-4583-9474-3ab6303b4398	SUBJ
d2538a7b-344e-4566-a2c0-6babfffdf47e	SUBJ
79f07920-e125-4c4c-9848-f90812c4ac7f	SUBJ
56e80476-03c1-4d5a-9c4d-14b05d266980	SUBJ
45e762c5-dd22-4cb2-90fd-b347382d9fd7	SUBJ
70d81eaf-4da5-4341-8d54-967a6524e226	SUBJ
88bce68b-053d-4543-a78c-2b7dc4b86289	OBJ
05341837-d3f5-41e1-9e65-18e909f90fb9	SUBJ
adc58c85-c01b-4940-93b4-d793c63b1960	SUBJ
e2b826bd-4025-495c-8854-5c2c1d12fcc3	SUBJ
35a27cf7-6708-44ae-a11f-1de857156539	SUBJ
8523caa3-d162-4a3c-befc-3b7728ec3ee8	SUBJ
d4b42120-82e9-414e-9830-e3b383bd249a	SUBJ
ad341c6d-679c-4afe-99f1-e7bcedad986c	SUBJ
14abb931-3bd6-4e0b-86f0-22532b103bc4	SUBJ
a2974a29-eaf7-4746-a21c-b7434c2bc5e1	OBJ
229c9ae3-1270-4174-ac61-d4ef4dcedb45	SUBJ
a6d5ffae-5828-4d97-a044-364642f1ec66	SUBJ
4bf5909b-cc4a-4033-a09b-0a38589b059f	SUBJ
546e21ff-07c2-4e19-a34c-7d1583f39ee0	SUBJ
4e404b41-2299-4684-b22b-809c7a79ceab	SUBJ
58f6dec9-7ed0-4971-8450-6e4bca0bec49	SUBJ
18537d0c-909e-4963-a7b9-0d285cb2262e	SUBJ
5a38c313-00af-4d54-b88e-865e444450ac	SUBJ
102c8bb3-7210-4678-bc81-645d15af1bbf	SUBJ
069d2a92-d71c-466b-8b28-9a83f2aa9f55	SUBJ
92e4c8bd-e388-4a38-8e3c-58eebc0ab48f	OBJ
4c75920f-91e5-4595-9588-af86e411fb6f	OBJ
0836046d-c025-4460-a687-febadda0517e	SUBJ
47790cbe-03c2-40f6-95c1-22a8b2ab0b9d	SUBJ
cd622bab-a1f1-4465-b38b-274d4f0fbe9f	OBJ
4bb27797-808f-4fd5-97d7-5fcef7fb1719	SUBJ
012204d4-5e65-44e3-8938-b6083040ddf6	SUBJ
5e1058f3-14fb-4360-af02-07eac401afde	OBJ
0dd1b1bb-cbc9-43e6-a701-bd89a1b0716d	SUBJ
9b7fc594-6304-417e-9889-c55388aaddf5	SUBJ
37677304-b136-453a-9bbe-eefc3d83454f	SUBJ
ec8b5b5b-22c0-49ed-9f81-af9aa5c6ad77	SUBJ
20d9f2aa-be8f-40ab-9fa7-00f9d152bd60	OBJ
3a65cc89-eb82-4eeb-ac8d-2e93dd7da608	OBJ
84e62dd5-730c-4f35-90b7-5fed1c586a2d	SUBJ
104fb93b-79bc-44a7-b903-854d2c90a743	SUBJ
ec51f2e6-e8dc-4e16-a4b3-565b095027d6	OBJ
0c9baf85-8e53-4d2c-a814-fc0476486748	SUBJ
b6339712-9c88-419f-af26-93ef09f88de7	OBJ
3149c910-8ff0-48a0-abeb-2559b18f093d	SUBJ
14cee66e-fc56-427c-b2bf-039adbc7d56b	SUBJ
1c55513c-1f5b-46f7-acfd-396c6ea2e17f	SUBJ
b39153ee-4af2-42c8-990c-90dcbef2c606	SUBJ
b6c99649-3937-4dbe-ab5c-fbf4ba28e7f3	SUBJ
ccc10ed9-542d-4b25-a8de-83fc5fd64def	SUBJ
ec81bef7-95f0-41fe-80a2-4fcbaecbb295	OBJ
b4bd261e-e5aa-4497-ba12-0dcadac63bd9	SUBJ
a314dbe5-4ef8-4bb5-8e7b-c0d6e44ac440	SUBJ
c355b6a3-9c2c-4513-bda6-d09e323e1cee	SUBJ
0295e187-daa9-4d68-b401-7decaf3a1407	OBJ
18e81140-67d4-4800-a7d3-7a1310afd769	SUBJ
cb584ab1-3af4-4efe-8d91-244d677657dd	OBJ
79c94f8c-997a-49cd-94e0-6f18aa779857	SUBJ
fa9fdd7a-5296-4453-b895-4a025b47134b	SUBJ
7e04131d-bf49-4eaf-8a3d-410853733065	SUBJ
eca96170-e30b-4a7a-9399-258518dd22af	OBJ
89426ded-dbc5-4fd8-a2c6-7d41410e2ff2	SUBJ
435eb818-9910-4cc0-ae8e-cdca2d465a26	SUBJ
4d7f80f2-0efb-46ef-88e4-e1aa4dec21fa	OBJ
f24ba5fa-6d39-4cef-953a-a4e8b1f624d3	SUBJ
5883ac8f-9ddd-4877-8902-2d0c24c02a9e	OBJ
ddbe02cd-9171-432d-873f-94dec434af5a	SUBJ
34b4a0ff-fba0-4609-aaf5-b181cc4b34ae	SUBJ
ecd2243f-a527-4721-9f34-7911a660f3c0	SUBJ
f789876a-e29b-4ebc-9b05-d9482e1ee038	OBJ
ebd4665e-c97c-46f4-8106-b4348f8782eb	SUBJ
370473ce-fcde-4fd4-a98d-6018c2061c58	OBJ
4a0f537c-573a-4af9-8d53-ce84d6ed255c	SUBJ
bf673826-4889-40c9-a4e7-59f9315e6799	SUBJ
543fa891-6134-4e84-a71b-1c2c03fd510c	SUBJ
23fe5afb-0794-4177-b73a-1773747241df	SUBJ
ceeb423d-3edd-4d54-8fc6-f6f188f60366	SUBJ
7b7da918-09ca-4c6f-b21d-83cc78804f1c	SUBJ
dd4ef8d3-e76d-4dd8-bb6d-712c1d3d4ea4	SUBJ
50b15c8d-b498-45ff-bdf4-5621b59b1de9	SUBJ
b2afc4a2-a2af-4998-a2dd-c5f528f231ad	SUBJ
968c7162-7201-4795-8380-c68f75a4ab9e	SUBJ
62c763cd-ef53-4ced-9908-a80862132811	OBJ
c67b7d1c-b25c-4981-b697-3117cbc91a58	OBJ
cf7c23cb-f30f-42eb-ba18-2c10242b898c	SUBJ
6bdc31ce-5178-46a4-8a0a-d0bb8ce67a78	OBJ
6df428ba-cc08-45f4-8721-c6aff9cb3401	SUBJ
21853034-861b-40cb-9127-2fffd9eaf19a	OBJ
0f6f7d17-6798-4ebf-891b-3ea551de631a	SUBJ
95f3405e-24e5-47bc-a507-bf54b13bd376	OBJ
f94a2609-1254-4670-ab4b-a3bbcf84b149	SUBJ
a0f1ec3f-b3a2-48f5-bfd0-9ea01fb890da	SUBJ
7b373662-1154-4c07-ad1f-d17d2d0f9840	OBJ
8cbfa706-658a-47ef-a5a9-cd7a695a6a8d	SUBJ
8eca1e5d-862e-4f28-b781-467928db9929	SUBJ
e283337f-f147-414d-bf41-ba4bfc68d565	OBJ
eef28a97-11f0-4145-8058-a669a13ad8d9	SUBJ
9658af0e-5a34-40bd-93ad-214aa5dda20a	SUBJ
9b39a2e7-8eaa-4fd8-97b1-e2021f34fa46	SUBJ
b91cecad-d88a-40eb-aef8-eb555f7853ff	SUBJ
45148e72-b808-4cc8-9cce-19fc4bd93d75	SUBJ
025182c0-ae46-4cca-a81a-bc1c27f334a5	SUBJ
82d8b054-ae66-4f0d-906e-d2b6165a1431	SUBJ
73252822-ec31-4057-b807-f3c5dae96e0d	SUBJ
30da441e-ef59-4853-9f50-8419b4af0602	OBJ
4a173766-a9c3-4c97-8bed-ebff0e79a6d5	SUBJ
bd76676f-5d5c-4d7e-ad2a-97c30f48c6bb	SUBJ
7f95bac4-5886-4928-9f0a-45fa2701596f	SUBJ
63b95ab8-a521-48e6-aa07-3b697ed8ec84	OBJ
e5eb4a4a-abb8-4ec4-b8bf-86f971a0726f	SUBJ
e0de88fb-7bad-4f5b-a354-dfda2c5e75ab	SUBJ
5572cd59-8ef0-4172-ab61-f926b89c7d3a	SUBJ
7eade45b-f65a-4a5d-97f3-35bdd8683e69	SUBJ
c78b84fd-34b6-4ef5-8c44-2519926d0033	SUBJ
7928226e-1bfa-4252-8e20-067832bda691	SUBJ
66397b6b-8ff0-4462-83c8-0e1e239b3975	SUBJ
522426d3-acec-4a9f-912d-4bb6b19e99e3	SUBJ
ef67f454-9091-4bc1-9949-1f73454c0a9d	OBJ
89789582-2304-46d4-bd5c-37e646ebd918	SUBJ
4736fe9a-77d4-4287-90f1-144f233af484	OBJ
db8acc4f-2498-4fd9-bd32-04b0d26fcf4f	SUBJ
418ad22f-1081-4699-8ce8-2bb315223bd9	SUBJ
811f7727-9b20-40b6-b011-13d1c07640a9	SUBJ
10b0bdf0-5292-4b99-b2c9-f0790bcbc654	OBJ
5a61cd1a-068c-443c-8eed-dbc9fde1c4b1	SUBJ
cae59573-7393-4915-b289-73cfc29bae59	SUBJ
df3eb484-ffe7-489b-acc9-0678e819ab56	SUBJ
a7ea8ce2-7d9e-4a28-b7f5-269334eb4d77	SUBJ
56176f4b-4ab4-4f8b-89a4-b45497a80aea	SUBJ
2ad3ab7c-66a3-4ed8-a621-6935ff0be28c	SUBJ
cbc310da-9e80-43ae-938a-520fd5d0475c	SUBJ
5afb9015-21e9-4aeb-8ceb-364a840f3a3c	SUBJ
77623268-6067-4562-a6ae-f8df500fed54	SUBJ
29b743c6-53ca-4bed-8b94-8af02bcd1527	OBJ
37993aea-0101-40e3-9143-80b081b04860	SUBJ
e17918c9-7557-4f9a-95c7-aae2d83a617a	SUBJ
532a9b7b-07fe-462d-8562-d8754d584c3f	SUBJ
6c6abf1d-3d7e-43f6-9ec2-1ac318118c4b	SUBJ
6a360ee3-ec23-4958-b856-e116493ee977	OBJ
df826b1c-1c96-4448-b59e-b8bead7374d9	SUBJ
52e5bb9e-fbdd-49cf-8f25-be3ffe03146e	OBJ
6ab38e7f-9e0a-4078-83e2-2736c4ad703d	SUBJ
51274eee-93c3-40ed-ab13-242809b80b08	SUBJ
03591b7a-b653-4358-9f05-c4a4a122335a	SUBJ
f49ca9e9-e821-4766-9026-c37a53e94534	SUBJ
7c4a55d7-7627-466b-bc0f-b27726e11e99	SUBJ
7bc1580c-6de2-4f28-9f03-7cecc6025963	SUBJ
d47d22c7-de29-4b12-b747-0b2298b01123	SUBJ
744b6642-76df-40cd-9158-208af124847e	OBJ
f8e9a2b7-4f78-4b97-a51d-6f7858efbf6f	SUBJ
f655e294-5f8a-40b8-bc64-9a37374f093b	OBJ
fb33b7d0-ca28-48b2-9dc8-93b9cfc63866	SUBJ
140f960a-2118-4a9e-b834-aba4297fa839	SUBJ
a0ab5938-e739-460e-b27d-2f437d3b4d1a	SUBJ
0b82752f-7a00-4b64-a8b6-f5d168764796	OBJ
0f834205-ec2e-4a88-9d96-ae942c6d27fc	SUBJ
ae462648-63a7-4235-9139-d61d3f14b341	SUBJ
fe9ed82c-364e-4c9b-a404-7fbe9f933a04	OBJ
ac955cc7-eb7a-49e5-85e7-a823a911d69a	OBJ
8f07fe2d-391a-4f19-9214-c50966c332af	SUBJ
46e5e49d-f173-4665-9129-07c0e2c21fa6	SUBJ
ad43ec8f-d9a4-4374-acfe-8bcd7d6661cc	SUBJ
e3027cd5-cfeb-4676-90b5-0837d6173adf	SUBJ
84f58148-9887-4b07-ba0f-5f1c83e00cfe	OBJ
067a6fb8-f8fe-47dd-bcfa-c3889cb5cac6	OBJ
d324a019-658f-4400-99b6-a84b8537b00b	SUBJ
4a662ee1-45c2-42cf-a9f3-35a82d1c30e6	SUBJ
595ab17b-a0bb-415c-9ee4-59e691800563	OBJ
0ed34283-0674-4e9f-99c5-27274579ba8b	SUBJ
02092615-a2e8-43fb-ac90-318cca958476	SUBJ
db2cf0c6-d2b1-4f0b-8e59-4ed7d2ebb6c8	OBJ
86634852-62fd-41c9-909a-6f049bf908da	OBJ
f484977e-7ce3-450f-8acf-72bbab724ee5	OBJ
e81198d6-23e9-484c-b480-10e046f8f637	SUBJ
bc19a095-b010-4328-aafe-6e50295981a3	SUBJ
5bde6cec-4df0-4537-993e-adcdc226e3ec	OBJ
25c00361-b68e-414c-a318-9641c2758393	SUBJ
e8f7fdb0-df81-44e8-8274-c9be0ad0d48e	SUBJ
61a18c4d-6b71-47fe-8403-a42606d652b7	SUBJ
8d383c4f-3f49-4de2-b9c7-90767dd1c531	OBJ
b18a2b08-55cc-4abd-82ce-e43044f08d9a	SUBJ
7ddfaef3-fef0-45d9-b410-1a2cff546b8a	OBJ
5bf07038-ac58-4b06-889a-e95d7b9aa0b4	OBJ
d7fac91e-13be-49e7-9a31-81ec5e67216c	SUBJ
74d870cc-c914-49cc-b39d-ffd8a05ddbc8	SUBJ
8c8ea9f6-8c7d-4dac-a187-b6bbdfe6a2b8	SUBJ
f6b4d3c2-ac09-47b0-9b3e-bf3dc2339491	SUBJ
7b5e75fe-5f00-4fb1-a555-03272bc4791d	SUBJ
4560135a-cdc0-440c-a85e-acee66aa4680	SUBJ
472d27f8-8ef5-40ab-bd1b-e23fd25aa7ac	SUBJ
ff00889a-c5c3-44ec-a3f3-be437a3a38b0	SUBJ
1d5165ec-52ab-4368-9bb1-74a1348987e8	SUBJ
e47b2eac-d9f2-4383-9624-35f64eeb2c1b	SUBJ
59268924-0294-4891-ae95-1ddcc22fa180	SUBJ
1d502cd6-8ba7-4f7c-8a65-40539492fc2c	SUBJ
ae60c706-5073-4495-9251-3f8b67eb32d7	SUBJ
760c62f5-7309-4934-b2be-dc91f53ee917	OBJ
9a5eb639-390a-4118-8fac-d89eabd2d4b2	SUBJ
768f2206-5264-4f92-81c2-23c20517d1d2	SUBJ
d894418a-779c-42e2-8427-fed617aa0352	SUBJ
77b51bf2-2907-4828-83f0-c5e4c7e36969	SUBJ
8efd05e1-e10a-4ff7-9f71-1e1dcc0e929c	SUBJ
02897b3c-8f17-46d2-b450-0c867a9fb7ae	SUBJ
38e42165-d876-4ee8-9501-dd03fab6060a	SUBJ
e3035436-c68e-4530-845b-25468c0a0bc0	SUBJ
b94c1520-f8c0-474a-ad45-75c595d90815	SUBJ
e8c098a0-b224-499c-a386-b49bb6fa755a	SUBJ
5617c284-c531-48e8-b771-3b6920ae17ff	OBJ
897827b7-90f1-4057-994d-c26f16763d37	SUBJ
786bbcb6-6de9-4775-8a90-cb7dce84b538	SUBJ
4a12af53-13cf-4942-aae9-c5707eecf218	SUBJ
e14b0695-dd21-4ed2-b4a7-c4110dfad3fe	SUBJ
93d7e045-f74e-43df-8101-31c73ba911ec	SUBJ
58709dad-9d24-4628-9493-2dd32b6c5ab4	OBJ
73149044-d67a-4cfe-8011-3d0ea8d5dc3d	SUBJ
a24aa480-1b73-4f25-b6b3-8456abe00df7	SUBJ
80681f99-04db-4cee-84ea-380e907717c6	SUBJ
de8b0fb5-d09e-4702-8dd2-8119d23768eb	SUBJ
79a2bf6c-5f57-433e-bb5d-2011a2c35c3c	SUBJ
2c1ee702-b2f9-49b6-8134-f4d525b95280	SUBJ
18705bc1-45cd-4065-83af-436c79d8a900	SUBJ
4d8d608c-eab2-4139-9e2a-c326d54c7472	SUBJ
fced4519-6ec8-4074-ad86-29b43e4b1d81	SUBJ
024bf616-e8c1-4dd0-8b03-05ba1af53ca4	SUBJ
f85a4acc-5979-40e7-8988-d42031a4774b	SUBJ
f77342e7-4da4-435e-80e0-8ca8125407e1	SUBJ
3077a234-1c43-4a53-9f2c-4028210561ff	SUBJ
5fded925-e2cb-47f1-bda4-f153375788d5	OBJ
1381c34a-ed2e-4030-88a5-f414621ca150	SUBJ
a11dd533-b652-4192-b7a1-56417aedc5a3	SUBJ
2dd28ef0-d65c-499b-a2e4-beb38fee22b4	SUBJ
5892adca-cbaa-45b0-ba4b-5550aa1e7dc9	OBJ
914d912b-e0f6-4bd0-9c79-a527b3286c9d	SUBJ
c1bb432e-3bca-4de5-bed0-2f2f7e5f888c	SUBJ
de233022-bb5f-4d59-aaa9-9ef89c2b537e	SUBJ
a6dd00ee-b0ed-4f58-8179-2114d171e8f1	OBJ
54d885b6-1ca0-4195-ab1e-4134b838c967	SUBJ
19410524-d1ce-4987-90e5-d786c01bd6bd	OBJ
0a60268c-0644-4135-8b0a-e551c4d59e7f	OBJ
642b18cf-fd42-4aa1-a3b1-9d465ecce797	SUBJ
a90dc760-a0fa-4ad1-ab79-2caa73874774	OBJ
cf6a7415-3cbf-473a-8c91-c08388c0cfb1	SUBJ
6f5b0941-d56f-41f9-b589-375682ebfeab	SUBJ
0d2a5262-6ab3-4bce-8e4a-e91367e727bd	OBJ
d237a483-9a81-4e84-9f8c-ac2ef2fe8490	SUBJ
ef5b6568-0f38-417b-948e-102c350f68b5	SUBJ
172502fb-39e8-4ccd-add7-995bbae69b7b	SUBJ
c53f9f76-ee2c-4811-8b03-3ecbf479efad	SUBJ
dfac0ca4-bd85-4af5-84b8-0e0f72325640	SUBJ
58e44de4-d2b3-4505-b79d-fd9d9015d9b9	SUBJ
f0b194eb-f436-44a3-be94-a1cb9ed0812a	OBJ
c0cf1029-65ee-450e-9eb7-a3d283f283c5	SUBJ
b64b181f-9576-4ef6-a19d-ad2278cb8d77	SUBJ
884e50b6-098d-44ba-91d6-8e9612e3bd62	SUBJ
70a33257-2a65-4a92-9f57-f204a74b590f	SUBJ
63098e46-d577-43eb-9d44-93b0030247e2	SUBJ
2857a28e-b152-4d59-9c7e-e5c30b8ce36c	SUBJ
0e01b516-a87a-4b80-9439-26bd3e92e127	OBJ
2b80f76e-cc81-4b1e-833f-c4ed23b214f3	SUBJ
